Hostname,Access,IP,OS,OSVer,SeOS,SSH,WebSvr
a7app01,ssh,10.160.66.51,HP-UX,B.11.00,_none,4.5p1_q1.116,lnxfwi01.northcentralnetworks.com
a7server,none,10.160.66.50,unk,unk,_none,unk,lnxfwi01.northcentralnetworks.com
aavfwp01,none,0.0.0.0,unk,unk,_none,unk,lnxfwi01.northcentralnetworks.com
adslnms,none,0.0.0.0,unk,unk,_none,unk,lnxfwi01.northcentralnetworks.com
adxfwp01,none,0.0.0.0,unk,unk,_none,unk,lnxfwi01.northcentralnetworks.com
adxfwp02,none,0.0.0.0,unk,unk,_none,unk,lnxfwi01.northcentralnetworks.com
adxfwp03,none,0.0.0.0,unk,unk,_none,unk,lnxfwi01.northcentralnetworks.com
appdev01,none,0.0.0.0,unk,unk,_none,unk,lnxfwi01.northcentralnetworks.com
argon,none,0.0.0.0,unk,unk,_none,unk,lnxfwi01.northcentralnetworks.com
busropv04,none,0.0.0.0,unk,unk,_none,unk,lnxfwi01.northcentralnetworks.com
csgftwp09,none,0.0.0.0,unk,unk,_none,unk,lnxfwi01.northcentralnetworks.com
elidcs2,none,0.0.0.0,unk,unk,_none,unk,lnxfwi01.northcentralnetworks.com
nshfwpa2,none,0.0.0.0,unk,unk,_none,unk,lnxfwi01.northcentralnetworks.com
nyrofcsol29,none,0.0.0.0,unk,unk,_none,unk,lnxfwi01.northcentralnetworks.com
omefwp01,none,0.0.0.0,unk,unk,_none,unk,lnxfwi01.northcentralnetworks.com
scrambler,none,0.0.0.0,unk,unk,_none,unk,lnxfwi01.northcentralnetworks.com
wbnfwpd1,none,0.0.0.0,unk,unk,_none,unk,lnxfwi01.northcentralnetworks.com
xrmfwp06,none,0.0.0.0,unk,unk,_none,unk,lnxfwi01.northcentralnetworks.com
